檔名,CDN 連結
Z20250620-1283-1-B1.png,https://cdn.jsdelivr.net/gh/buyerbumblebee/photo@main/Z20250620-1283-1-B1.png
Z20250620-1283-1.png,https://cdn.jsdelivr.net/gh/buyerbumblebee/photo@main/Z20250620-1283-1.png
Z20250620-1283-10.png,https://cdn.jsdelivr.net/gh/buyerbumblebee/photo@main/Z20250620-1283-10.png
Z20250620-1283-2-B2.png,https://cdn.jsdelivr.net/gh/buyerbumblebee/photo@main/Z20250620-1283-2-B2.png
Z20250620-1283-2.png,https://cdn.jsdelivr.net/gh/buyerbumblebee/photo@main/Z20250620-1283-2.png
Z20250620-1283-4.png,https://cdn.jsdelivr.net/gh/buyerbumblebee/photo@main/Z20250620-1283-4.png
Z20250620-1283-5.png,https://cdn.jsdelivr.net/gh/buyerbumblebee/photo@main/Z20250620-1283-5.png
Z20250620-1283-6.png,https://cdn.jsdelivr.net/gh/buyerbumblebee/photo@main/Z20250620-1283-6.png
Z20250620-1283-7.png,https://cdn.jsdelivr.net/gh/buyerbumblebee/photo@main/Z20250620-1283-7.png
Z20250620-1283-8.png,https://cdn.jsdelivr.net/gh/buyerbumblebee/photo@main/Z20250620-1283-8.png
Z20250620-1283-9.png,https://cdn.jsdelivr.net/gh/buyerbumblebee/photo@main/Z20250620-1283-9.png
Z20250620-1284-1-B1.png,https://cdn.jsdelivr.net/gh/buyerbumblebee/photo@main/Z20250620-1284-1-B1.png
Z20250620-1284-1.png,https://cdn.jsdelivr.net/gh/buyerbumblebee/photo@main/Z20250620-1284-1.png
Z20250620-1284-10.png,https://cdn.jsdelivr.net/gh/buyerbumblebee/photo@main/Z20250620-1284-10.png
Z20250620-1284-2-B2.png,https://cdn.jsdelivr.net/gh/buyerbumblebee/photo@main/Z20250620-1284-2-B2.png
Z20250620-1284-2.png,https://cdn.jsdelivr.net/gh/buyerbumblebee/photo@main/Z20250620-1284-2.png
Z20250620-1284-3-B3.png,https://cdn.jsdelivr.net/gh/buyerbumblebee/photo@main/Z20250620-1284-3-B3.png
Z20250620-1284-3.png,https://cdn.jsdelivr.net/gh/buyerbumblebee/photo@main/Z20250620-1284-3.png
Z20250620-1284-5.png,https://cdn.jsdelivr.net/gh/buyerbumblebee/photo@main/Z20250620-1284-5.png
Z20250620-1284-6.png,https://cdn.jsdelivr.net/gh/buyerbumblebee/photo@main/Z20250620-1284-6.png
Z20250620-1284-7.png,https://cdn.jsdelivr.net/gh/buyerbumblebee/photo@main/Z20250620-1284-7.png
Z20250620-1284-8.png,https://cdn.jsdelivr.net/gh/buyerbumblebee/photo@main/Z20250620-1284-8.png
Z20250620-1284-9.png,https://cdn.jsdelivr.net/gh/buyerbumblebee/photo@main/Z20250620-1284-9.png
Z20250620-1286-1-B1.png,https://cdn.jsdelivr.net/gh/buyerbumblebee/photo@main/Z20250620-1286-1-B1.png
Z20250620-1286-1.png,https://cdn.jsdelivr.net/gh/buyerbumblebee/photo@main/Z20250620-1286-1.png
Z20250620-1286-10.png,https://cdn.jsdelivr.net/gh/buyerbumblebee/photo@main/Z20250620-1286-10.png
Z20250620-1286-3.png,https://cdn.jsdelivr.net/gh/buyerbumblebee/photo@main/Z20250620-1286-3.png
Z20250620-1286-4.png,https://cdn.jsdelivr.net/gh/buyerbumblebee/photo@main/Z20250620-1286-4.png
Z20250620-1286-5.png,https://cdn.jsdelivr.net/gh/buyerbumblebee/photo@main/Z20250620-1286-5.png
Z20250620-1286-6.png,https://cdn.jsdelivr.net/gh/buyerbumblebee/photo@main/Z20250620-1286-6.png
Z20250620-1286-7.png,https://cdn.jsdelivr.net/gh/buyerbumblebee/photo@main/Z20250620-1286-7.png
Z20250620-1286-8.png,https://cdn.jsdelivr.net/gh/buyerbumblebee/photo@main/Z20250620-1286-8.png
Z20250620-1286-9.png,https://cdn.jsdelivr.net/gh/buyerbumblebee/photo@main/Z20250620-1286-9.png
Z20250620-1287-1-B1.png,https://cdn.jsdelivr.net/gh/buyerbumblebee/photo@main/Z20250620-1287-1-B1.png
Z20250620-1287-1.png,https://cdn.jsdelivr.net/gh/buyerbumblebee/photo@main/Z20250620-1287-1.png
Z20250620-1287-10.png,https://cdn.jsdelivr.net/gh/buyerbumblebee/photo@main/Z20250620-1287-10.png
Z20250620-1287-11.png,https://cdn.jsdelivr.net/gh/buyerbumblebee/photo@main/Z20250620-1287-11.png
Z20250620-1287-12.png,https://cdn.jsdelivr.net/gh/buyerbumblebee/photo@main/Z20250620-1287-12.png
Z20250620-1287-2-B2.png,https://cdn.jsdelivr.net/gh/buyerbumblebee/photo@main/Z20250620-1287-2-B2.png
Z20250620-1287-2.png,https://cdn.jsdelivr.net/gh/buyerbumblebee/photo@main/Z20250620-1287-2.png
Z20250620-1287-4.png,https://cdn.jsdelivr.net/gh/buyerbumblebee/photo@main/Z20250620-1287-4.png
Z20250620-1287-5.png,https://cdn.jsdelivr.net/gh/buyerbumblebee/photo@main/Z20250620-1287-5.png
Z20250620-1287-6.png,https://cdn.jsdelivr.net/gh/buyerbumblebee/photo@main/Z20250620-1287-6.png
Z20250620-1287-7.png,https://cdn.jsdelivr.net/gh/buyerbumblebee/photo@main/Z20250620-1287-7.png
Z20250620-1287-8.png,https://cdn.jsdelivr.net/gh/buyerbumblebee/photo@main/Z20250620-1287-8.png
Z20250620-1287-9.png,https://cdn.jsdelivr.net/gh/buyerbumblebee/photo@main/Z20250620-1287-9.png
Z20250620-1290-1-B1.png,https://cdn.jsdelivr.net/gh/buyerbumblebee/photo@main/Z20250620-1290-1-B1.png
Z20250620-1290-1.png,https://cdn.jsdelivr.net/gh/buyerbumblebee/photo@main/Z20250620-1290-1.png
Z20250620-1290-10.png,https://cdn.jsdelivr.net/gh/buyerbumblebee/photo@main/Z20250620-1290-10.png
Z20250620-1290-2.png,https://cdn.jsdelivr.net/gh/buyerbumblebee/photo@main/Z20250620-1290-2.png
Z20250620-1290-3.png,https://cdn.jsdelivr.net/gh/buyerbumblebee/photo@main/Z20250620-1290-3.png
Z20250620-1290-4.png,https://cdn.jsdelivr.net/gh/buyerbumblebee/photo@main/Z20250620-1290-4.png
Z20250620-1290-5.png,https://cdn.jsdelivr.net/gh/buyerbumblebee/photo@main/Z20250620-1290-5.png
Z20250620-1290-6.png,https://cdn.jsdelivr.net/gh/buyerbumblebee/photo@main/Z20250620-1290-6.png
Z20250620-1290-7.png,https://cdn.jsdelivr.net/gh/buyerbumblebee/photo@main/Z20250620-1290-7.png
Z20250620-1290-8.png,https://cdn.jsdelivr.net/gh/buyerbumblebee/photo@main/Z20250620-1290-8.png
Z20250620-1290-9.png,https://cdn.jsdelivr.net/gh/buyerbumblebee/photo@main/Z20250620-1290-9.png
Z20250621-0024-1-B1.png,https://cdn.jsdelivr.net/gh/buyerbumblebee/photo@main/Z20250621-0024-1-B1.png
Z20250621-0024-1.png,https://cdn.jsdelivr.net/gh/buyerbumblebee/photo@main/Z20250621-0024-1.png
Z20250621-0024-10.png,https://cdn.jsdelivr.net/gh/buyerbumblebee/photo@main/Z20250621-0024-10.png
Z20250621-0024-2-B2.png,https://cdn.jsdelivr.net/gh/buyerbumblebee/photo@main/Z20250621-0024-2-B2.png
Z20250621-0024-2.png,https://cdn.jsdelivr.net/gh/buyerbumblebee/photo@main/Z20250621-0024-2.png
Z20250621-0024-3-B3.png,https://cdn.jsdelivr.net/gh/buyerbumblebee/photo@main/Z20250621-0024-3-B3.png
Z20250621-0024-3.png,https://cdn.jsdelivr.net/gh/buyerbumblebee/photo@main/Z20250621-0024-3.png
Z20250621-0024-4.png,https://cdn.jsdelivr.net/gh/buyerbumblebee/photo@main/Z20250621-0024-4.png
Z20250621-0024-5.png,https://cdn.jsdelivr.net/gh/buyerbumblebee/photo@main/Z20250621-0024-5.png
Z20250621-0024-6.png,https://cdn.jsdelivr.net/gh/buyerbumblebee/photo@main/Z20250621-0024-6.png
Z20250621-0024-7.png,https://cdn.jsdelivr.net/gh/buyerbumblebee/photo@main/Z20250621-0024-7.png
Z20250621-0024-8.png,https://cdn.jsdelivr.net/gh/buyerbumblebee/photo@main/Z20250621-0024-8.png
Z20250621-0024-9.png,https://cdn.jsdelivr.net/gh/buyerbumblebee/photo@main/Z20250621-0024-9.png
Z20250621-0586-1-B1.png,https://cdn.jsdelivr.net/gh/buyerbumblebee/photo@main/Z20250621-0586-1-B1.png
Z20250621-0586-1.png,https://cdn.jsdelivr.net/gh/buyerbumblebee/photo@main/Z20250621-0586-1.png
Z20250621-0586-15.png,https://cdn.jsdelivr.net/gh/buyerbumblebee/photo@main/Z20250621-0586-15.png
Z20250621-0586-16.png,https://cdn.jsdelivr.net/gh/buyerbumblebee/photo@main/Z20250621-0586-16.png
Z20250621-0586-18.png,https://cdn.jsdelivr.net/gh/buyerbumblebee/photo@main/Z20250621-0586-18.png
Z20250621-0586-19.png,https://cdn.jsdelivr.net/gh/buyerbumblebee/photo@main/Z20250621-0586-19.png
Z20250621-0586-2-B2.png,https://cdn.jsdelivr.net/gh/buyerbumblebee/photo@main/Z20250621-0586-2-B2.png
Z20250621-0586-2.png,https://cdn.jsdelivr.net/gh/buyerbumblebee/photo@main/Z20250621-0586-2.png
Z20250621-0586-20.png,https://cdn.jsdelivr.net/gh/buyerbumblebee/photo@main/Z20250621-0586-20.png
Z20250621-0586-21.png,https://cdn.jsdelivr.net/gh/buyerbumblebee/photo@main/Z20250621-0586-21.png
Z20250621-0586-22.png,https://cdn.jsdelivr.net/gh/buyerbumblebee/photo@main/Z20250621-0586-22.png
Z20250621-0603-1-B1.png,https://cdn.jsdelivr.net/gh/buyerbumblebee/photo@main/Z20250621-0603-1-B1.png
Z20250621-0603-1.png,https://cdn.jsdelivr.net/gh/buyerbumblebee/photo@main/Z20250621-0603-1.png
Z20250621-0603-15.png,https://cdn.jsdelivr.net/gh/buyerbumblebee/photo@main/Z20250621-0603-15.png
Z20250621-0603-16.png,https://cdn.jsdelivr.net/gh/buyerbumblebee/photo@main/Z20250621-0603-16.png
Z20250621-0603-17.png,https://cdn.jsdelivr.net/gh/buyerbumblebee/photo@main/Z20250621-0603-17.png
Z20250621-0603-18.png,https://cdn.jsdelivr.net/gh/buyerbumblebee/photo@main/Z20250621-0603-18.png
Z20250621-0603-19.png,https://cdn.jsdelivr.net/gh/buyerbumblebee/photo@main/Z20250621-0603-19.png
Z20250621-0603-2-B2.png,https://cdn.jsdelivr.net/gh/buyerbumblebee/photo@main/Z20250621-0603-2-B2.png
Z20250621-0603-2.png,https://cdn.jsdelivr.net/gh/buyerbumblebee/photo@main/Z20250621-0603-2.png
Z20250621-0603-20.png,https://cdn.jsdelivr.net/gh/buyerbumblebee/photo@main/Z20250621-0603-20.png
Z20250621-0603-21.png,https://cdn.jsdelivr.net/gh/buyerbumblebee/photo@main/Z20250621-0603-21.png
Z20250621-0603-22.png,https://cdn.jsdelivr.net/gh/buyerbumblebee/photo@main/Z20250621-0603-22.png
Z20250621-0606-1-B1.png,https://cdn.jsdelivr.net/gh/buyerbumblebee/photo@main/Z20250621-0606-1-B1.png
Z20250621-0606-1.png,https://cdn.jsdelivr.net/gh/buyerbumblebee/photo@main/Z20250621-0606-1.png
Z20250621-0606-14.png,https://cdn.jsdelivr.net/gh/buyerbumblebee/photo@main/Z20250621-0606-14.png
Z20250621-0606-15.png,https://cdn.jsdelivr.net/gh/buyerbumblebee/photo@main/Z20250621-0606-15.png
Z20250621-0606-16.png,https://cdn.jsdelivr.net/gh/buyerbumblebee/photo@main/Z20250621-0606-16.png
Z20250621-0606-17.png,https://cdn.jsdelivr.net/gh/buyerbumblebee/photo@main/Z20250621-0606-17.png
Z20250621-0606-18.png,https://cdn.jsdelivr.net/gh/buyerbumblebee/photo@main/Z20250621-0606-18.png
Z20250621-0606-19.png,https://cdn.jsdelivr.net/gh/buyerbumblebee/photo@main/Z20250621-0606-19.png
Z20250621-0606-2-B2.png,https://cdn.jsdelivr.net/gh/buyerbumblebee/photo@main/Z20250621-0606-2-B2.png
Z20250621-0606-2.png,https://cdn.jsdelivr.net/gh/buyerbumblebee/photo@main/Z20250621-0606-2.png
Z20250621-0606-20.png,https://cdn.jsdelivr.net/gh/buyerbumblebee/photo@main/Z20250621-0606-20.png
Z20250621-0606-21.png,https://cdn.jsdelivr.net/gh/buyerbumblebee/photo@main/Z20250621-0606-21.png
Z20250621-0606-22.png,https://cdn.jsdelivr.net/gh/buyerbumblebee/photo@main/Z20250621-0606-22.png
Z20250621-0612-1-B1.png,https://cdn.jsdelivr.net/gh/buyerbumblebee/photo@main/Z20250621-0612-1-B1.png
Z20250621-0612-1.png,https://cdn.jsdelivr.net/gh/buyerbumblebee/photo@main/Z20250621-0612-1.png
Z20250621-0612-13.png,https://cdn.jsdelivr.net/gh/buyerbumblebee/photo@main/Z20250621-0612-13.png
Z20250621-0612-14.png,https://cdn.jsdelivr.net/gh/buyerbumblebee/photo@main/Z20250621-0612-14.png
Z20250621-0612-15.png,https://cdn.jsdelivr.net/gh/buyerbumblebee/photo@main/Z20250621-0612-15.png
Z20250621-0612-16.png,https://cdn.jsdelivr.net/gh/buyerbumblebee/photo@main/Z20250621-0612-16.png
Z20250621-0612-17.png,https://cdn.jsdelivr.net/gh/buyerbumblebee/photo@main/Z20250621-0612-17.png
Z20250621-0612-18.png,https://cdn.jsdelivr.net/gh/buyerbumblebee/photo@main/Z20250621-0612-18.png
Z20250621-0612-19.png,https://cdn.jsdelivr.net/gh/buyerbumblebee/photo@main/Z20250621-0612-19.png
Z20250621-0612-2-B2.png,https://cdn.jsdelivr.net/gh/buyerbumblebee/photo@main/Z20250621-0612-2-B2.png
Z20250621-0612-2.png,https://cdn.jsdelivr.net/gh/buyerbumblebee/photo@main/Z20250621-0612-2.png
Z20250621-0612-20.png,https://cdn.jsdelivr.net/gh/buyerbumblebee/photo@main/Z20250621-0612-20.png
Z20250621-0612-21.png,https://cdn.jsdelivr.net/gh/buyerbumblebee/photo@main/Z20250621-0612-21.png
Z20250621-0612-22.png,https://cdn.jsdelivr.net/gh/buyerbumblebee/photo@main/Z20250621-0612-22.png
